File,Category,Check Item,Description,Status,Comments
create_address_table.sql,General Structure,File Naming,File names should be descriptive and follow consistent naming convention (e.g., create_*, rollback_*),,
create_address_table.sql,General Structure,File Organization,Each procedure should be in its own file with clear separation of concerns,,
create_address_table.sql,General Structure,Comments,Each file should have a header comment explaining its purpose and usage,,
create_address_table.sql,General Structure,Code Formatting,SQL code should be properly indented and formatted for readability,,
create_address_table.sql,Error Handling,Exception Handling,All procedures should have proper EXCEPTION blocks with specific error handling,,
create_address_table.sql,Error Handling,Error Messages,Error messages should be descriptive and include relevant context,,
create_address_table.sql,Error Handling,Transaction Management,Proper transaction handling with COMMIT/ROLLBACK statements,,
create_address_table.sql,Performance,Indexes,Appropriate indexes should be created for frequently queried columns,,
create_address_table.sql,Performance,Table Statistics,Table statistics should be updated after major data changes,,
create_address_table.sql,Performance,Query Optimization,Queries should be optimized to minimize table scans,,
create_address_table.sql,Data Integrity,Constraints,Appropriate constraints should be defined (PRIMARY KEY, FOREIGN KEY, CHECK),,
create_address_table.sql,Data Integrity,Data Types,Columns should use appropriate data types and lengths,,
create_address_table.sql,Data Integrity,Default Values,Default values should be specified where appropriate,,
create_address_table.sql,Security,Privileges,No hardcoded credentials or sensitive information,,
create_address_table.sql,Security,Access Control,Proper access control through roles and privileges,,
create_address_table.sql,Security,SQL Injection,Input parameters should be properly sanitized,,
create_address_table.sql,Maintainability,Code Documentation,Complex logic should be documented with inline comments,,
create_address_table.sql,Maintainability,Variable Naming,Variables should have clear, descriptive names,,
create_address_table.sql,Maintainability,Code Reusability,Common code should be extracted into functions,,
rollback_address.sql,General Structure,File Naming,File names should be descriptive and follow consistent naming convention (e.g., create_*, rollback_*),,
rollback_address.sql,General Structure,File Organization,Each procedure should be in its own file with clear separation of concerns,,
rollback_address.sql,General Structure,Comments,Each file should have a header comment explaining its purpose and usage,,
rollback_address.sql,General Structure,Code Formatting,SQL code should be properly indented and formatted for readability,,
rollback_address.sql,Error Handling,Exception Handling,All procedures should have proper EXCEPTION blocks with specific error handling,,
rollback_address.sql,Error Handling,Error Messages,Error messages should be descriptive and include relevant context,,
rollback_address.sql,Error Handling,Transaction Management,Proper transaction handling with COMMIT/ROLLBACK statements,,
rollback_address.sql,Performance,Indexes,Appropriate indexes should be created for frequently queried columns,,
rollback_address.sql,Performance,Table Statistics,Table statistics should be updated after major data changes,,
rollback_address.sql,Performance,Query Optimization,Queries should be optimized to minimize table scans,,
rollback_address.sql,Data Integrity,Constraints,Appropriate constraints should be defined (PRIMARY KEY, FOREIGN KEY, CHECK),,
rollback_address.sql,Data Integrity,Data Types,Columns should use appropriate data types and lengths,,
rollback_address.sql,Data Integrity,Default Values,Default values should be specified where appropriate,,
rollback_address.sql,Security,Privileges,No hardcoded credentials or sensitive information,,
rollback_address.sql,Security,Access Control,Proper access control through roles and privileges,,
rollback_address.sql,Security,SQL Injection,Input parameters should be properly sanitized,,
rollback_address.sql,Maintainability,Code Documentation,Complex logic should be documented with inline comments,,
rollback_address.sql,Maintainability,Variable Naming,Variables should have clear, descriptive names,,
rollback_address.sql,Maintainability,Code Reusability,Common code should be extracted into functions,,
rollback_clean_address.sql,General Structure,File Naming,File names should be descriptive and follow consistent naming convention (e.g., create_*, rollback_*),,
rollback_clean_address.sql,General Structure,File Organization,Each procedure should be in its own file with clear separation of concerns,,
rollback_clean_address.sql,General Structure,Comments,Each file should have a header comment explaining its purpose and usage,,
rollback_clean_address.sql,General Structure,Code Formatting,SQL code should be properly indented and formatted for readability,,
rollback_clean_address.sql,Error Handling,Exception Handling,All procedures should have proper EXCEPTION blocks with specific error handling,,
rollback_clean_address.sql,Error Handling,Error Messages,Error messages should be descriptive and include relevant context,,
rollback_clean_address.sql,Error Handling,Transaction Management,Proper transaction handling with COMMIT/ROLLBACK statements,,
rollback_clean_address.sql,Performance,Indexes,Appropriate indexes should be created for frequently queried columns,,
rollback_clean_address.sql,Performance,Table Statistics,Table statistics should be updated after major data changes,,
rollback_clean_address.sql,Performance,Query Optimization,Queries should be optimized to minimize table scans,,
rollback_clean_address.sql,Data Integrity,Constraints,Appropriate constraints should be defined (PRIMARY KEY, FOREIGN KEY, CHECK),,
rollback_clean_address.sql,Data Integrity,Data Types,Columns should use appropriate data types and lengths,,
rollback_clean_address.sql,Data Integrity,Default Values,Default values should be specified where appropriate,,
rollback_clean_address.sql,Security,Privileges,No hardcoded credentials or sensitive information,,
rollback_clean_address.sql,Security,Access Control,Proper access control through roles and privileges,,
rollback_clean_address.sql,Security,SQL Injection,Input parameters should be properly sanitized,,
rollback_clean_address.sql,Maintainability,Code Documentation,Complex logic should be documented with inline comments,,
rollback_clean_address.sql,Maintainability,Variable Naming,Variables should have clear, descriptive names,,
rollback_clean_address.sql,Maintainability,Code Reusability,Common code should be extracted into functions,,
create_clean_address_table.sql,General Structure,File Naming,File names should be descriptive and follow consistent naming convention (e.g., create_*, rollback_*),,
create_clean_address_table.sql,General Structure,File Organization,Each procedure should be in its own file with clear separation of concerns,,
create_clean_address_table.sql,General Structure,Comments,Each file should have a header comment explaining its purpose and usage,,
create_clean_address_table.sql,General Structure,Code Formatting,SQL code should be properly indented and formatted for readability,,
create_clean_address_table.sql,Error Handling,Exception Handling,All procedures should have proper EXCEPTION blocks with specific error handling,,
create_clean_address_table.sql,Error Handling,Error Messages,Error messages should be descriptive and include relevant context,,
create_clean_address_table.sql,Error Handling,Transaction Management,Proper transaction handling with COMMIT/ROLLBACK statements,,
create_clean_address_table.sql,Performance,Indexes,Appropriate indexes should be created for frequently queried columns,,
create_clean_address_table.sql,Performance,Table Statistics,Table statistics should be updated after major data changes,,
create_clean_address_table.sql,Performance,Query Optimization,Queries should be optimized to minimize table scans,,
create_clean_address_table.sql,Data Integrity,Constraints,Appropriate constraints should be defined (PRIMARY KEY, FOREIGN KEY, CHECK),,
create_clean_address_table.sql,Data Integrity,Data Types,Columns should use appropriate data types and lengths,,
create_clean_address_table.sql,Data Integrity,Default Values,Default values should be specified where appropriate,,
create_clean_address_table.sql,Security,Privileges,No hardcoded credentials or sensitive information,,
create_clean_address_table.sql,Security,Access Control,Proper access control through roles and privileges,,
create_clean_address_table.sql,Security,SQL Injection,Input parameters should be properly sanitized,,
create_clean_address_table.sql,Maintainability,Code Documentation,Complex logic should be documented with inline comments,,
create_clean_address_table.sql,Maintainability,Variable Naming,Variables should have clear, descriptive names,,
create_clean_address_table.sql,Maintainability,Code Reusability,Common code should be extracted into functions,,
create_transformation_log.sql,General Structure,File Naming,File names should be descriptive and follow consistent naming convention (e.g., create_*, rollback_*),,
create_transformation_log.sql,General Structure,File Organization,Each procedure should be in its own file with clear separation of concerns,,
create_transformation_log.sql,General Structure,Comments,Each file should have a header comment explaining its purpose and usage,,
create_transformation_log.sql,General Structure,Code Formatting,SQL code should be properly indented and formatted for readability,,
create_transformation_log.sql,Error Handling,Exception Handling,All procedures should have proper EXCEPTION blocks with specific error handling,,
create_transformation_log.sql,Error Handling,Error Messages,Error messages should be descriptive and include relevant context,,
create_transformation_log.sql,Error Handling,Transaction Management,Proper transaction handling with COMMIT/ROLLBACK statements,,
create_transformation_log.sql,Performance,Indexes,Appropriate indexes should be created for frequently queried columns,,
create_transformation_log.sql,Performance,Table Statistics,Table statistics should be updated after major data changes,,
create_transformation_log.sql,Performance,Query Optimization,Queries should be optimized to minimize table scans,,
create_transformation_log.sql,Data Integrity,Constraints,Appropriate constraints should be defined (PRIMARY KEY, FOREIGN KEY, CHECK),,
create_transformation_log.sql,Data Integrity,Data Types,Columns should use appropriate data types and lengths,,
create_transformation_log.sql,Data Integrity,Default Values,Default values should be specified where appropriate,,
create_transformation_log.sql,Security,Privileges,No hardcoded credentials or sensitive information,,
create_transformation_log.sql,Security,Access Control,Proper access control through roles and privileges,,
create_transformation_log.sql,Security,SQL Injection,Input parameters should be properly sanitized,,
create_transformation_log.sql,Maintainability,Code Documentation,Complex logic should be documented with inline comments,,
create_transformation_log.sql,Maintainability,Variable Naming,Variables should have clear, descriptive names,,
create_transformation_log.sql,Maintainability,Code Reusability,Common code should be extracted into functions,, 